ticker,company_name,country,industry,year,revenue,revenue_unit,net_income,gross_profit,net_profit_margin,gross_profit_margin,roa,basic_eps
NVDA,NVIDIA CORP,United States,Semiconductors,2025,130497000000.0,USD,72880000000.0,97858000000.0,55.848027157712444,74.98869705816992,0.6530407433625147,2.97
NVDA,NVIDIA CORP,United States,Semiconductors,2024,60922000000.0,USD,29760000000.0,44301000000.0,48.84934834706674,72.71757329043696,0.4527750730282376,1.21
NVDA,NVIDIA CORP,United States,Semiconductors,2023,26974000000.0,USD,4368000000.0,15356000000.0,16.193371394676355,56.928894490991325,0.10606575688407557,0.176
AAPL,Apple Inc.,United States,Consumer Electronics,2025,416161000000.0,USD,112010000000.0,195201000000.0,26.91506412181824,46.90516410716045,0.3117962593356549,7.49
AAPL,Apple Inc.,United States,Consumer Electronics,2024,391035000000.0,USD,93736000000.0,180683000000.0,23.971255769943866,46.206349815233935,0.25682503150857583,6.11
AAPL,Apple Inc.,United States,Consumer Electronics,2023,383285000000.0,USD,96995000000.0,169148000000.0,25.30623426432028,44.13112957720756,0.27509834563776475,6.16
MSFT,MICROSOFT CORP,United States,Software - Infrastructure,2025,281724000000.0,USD,101832000000.0,193893000000.0,36.146015248967075,68.8237423861652,0.16450970350709124,13.7
MSFT,MICROSOFT CORP,United States,Software - Infrastructure,2024,245122000000.0,USD,88136000000.0,171008000000.0,35.955972944084984,69.76444382797138,0.17208583985957596,11.86
MSFT,MICROSOFT CORP,United States,Software - Infrastructure,2023,211915000000.0,USD,72361000000.0,146052000000.0,34.14623787839464,68.92008588349103,0.175643726819038,9.72
GOOGL,Alphabet Inc.,United States,Internet Content & Information,2024,350018000000.0,USD,100118000000.0,203712000000.0,28.603671811164,58.20043540617911,0.22235794747876764,8.13
GOOGL,Alphabet Inc.,United States,Internet Content & Information,2023,307394000000.0,USD,73795000000.0,174062000000.0,24.006649446638516,56.625047984020505,0.18339082287918249,5.84
GOOGL,Alphabet Inc.,United States,Internet Content & Information,2022,282836000000.0,USD,59972000000.0,156633000000.0,21.203807153261963,55.37944250378312,0.16418809409084936,4.59
AMZN,AMAZON COM INC,United States,Internet Retail,2024,637959000000.0,USD,59248000000.0,311671000000.0,9.287117197186653,48.854393464156786,0.09481288026449286,5.66
AMZN,AMAZON COM INC,United States,Internet Retail,2023,574785000000.0,USD,30425000000.0,270046000000.0,5.293283575597832,46.98208895500057,0.057639044129626754,2.95
AMZN,AMAZON COM INC,United States,Internet Retail,2022,513983000000.0,USD,-2722000000.0,225152000000.0,-0.5295895000418301,43.80533986532629,-0.0058831793375479545,-0.27
AVGO,Broadcom Inc.,United States,Semiconductors,2024,51574000000.0,USD,5895000000.0,32509000000.0,11.430177996664986,63.03369915073487,0.03558815539255637,1.27
AVGO,Broadcom Inc.,United States,Semiconductors,2023,35819000000.0,USD,14082000000.0,24690000000.0,39.31433038331612,68.92989754041152,0.1932721208877177,3.393
AVGO,Broadcom Inc.,United States,Semiconductors,2022,33203000000.0,USD,11495000000.0,22095000000.0,34.62036562961178,66.54519169954523,0.15693047004054664,2.73714
META,"Meta Platforms, Inc.",United States,Internet Content & Information,2024,164501000000.0,USD,62360000000.0,134340000000.0,37.90858414234564,81.66515705071701,0.22589783158367566,24.61
META,"Meta Platforms, Inc.",United States,Internet Content & Information,2023,134902000000.0,USD,39098000000.0,108943000000.0,28.982520644616095,80.75714222176099,0.1702703997421861,15.19
META,"Meta Platforms, Inc.",United States,Internet Content & Information,2022,116609000000.0,USD,23200000000.0,91360000000.0,19.895548371051976,78.34729737841847,0.12491452508251358,8.63
TSLA,"Tesla, Inc.",United States,Auto Manufacturers,2024,97690000000.0,USD,7130000000.0,17450000000.0,7.298597604667827,17.862626676220696,0.05840910952732039,2.23
TSLA,"Tesla, Inc.",United States,Auto Manufacturers,2023,96773000000.0,USD,14999000000.0,17660000000.0,15.499157822946483,18.248891736331416,0.14067981016338704,4.725697
TSLA,"Tesla, Inc.",United States,Auto Manufacturers,2022,81462000000.0,USD,12583000000.0,20853000000.0,15.446465836831896,25.598438535759005,0.15282129757827492,4.02
BRK-B,BERKSHIRE HATHAWAY INC,United States,Insurance - Diversified,2024,424232000000.0,USD,88995000000.0,,20.97790831431858,,0.0771266707745426,41.266687
BRK-B,BERKSHIRE HATHAWAY INC,United States,Insurance - Diversified,2023,439337000000.0,USD,96223000000.0,,21.90186576591546,,0.08992988640887943,44.274689
BRK-B,BERKSHIRE HATHAWAY INC,United States,Insurance - Diversified,2022,234121000000.0,USD,-22759000000.0,,-9.72104168357388,,-0.023995613965723563,-10.329338
LLY,ELI LILLY & Co,United States,Drug Manufacturers - General,2024,45042700000.0,USD,10590000000.0,36624400000.0,23.5110239839086,81.31040101947707,0.13453615516249148,11.798943
LLY,ELI LILLY & Co,United States,Drug Manufacturers - General,2023,34124100000.0,USD,5240400000.0,27041900000.0,15.356888533323957,79.24575300154436,0.08187319060779955,5.826687
LLY,ELI LILLY & Co,United States,Drug Manufacturers - General,2022,28541400000.0,USD,6244800000.0,21911600000.0,21.879795665244174,76.77128662223997,0.12618357722197301,6.572215
WMT,Walmart Inc.,United States,Discount Stores,2025,680985000000.0,USD,19436000000.0,169232000000.0,2.854101044810091,24.851061330278934,0.07451796812397679,2.42
WMT,Walmart Inc.,United States,Discount Stores,2024,648125000000.0,USD,15511000000.0,157983000000.0,2.3932111861137897,24.375390549662487,0.0614542846841707,1.92
WMT,Walmart Inc.,United States,Discount Stores,2023,611289000000.0,USD,11680000000.0,147568000000.0,1.9107165350595219,24.140463839525985,0.04802690822666398,1.43
JPM,JPMORGAN CHASE & CO,United States,Banks - Diversified,2024,169439000000.0,USD,58471000000.0,,34.50858421024676,,0.014607473642292647,19.79
JPM,JPMORGAN CHASE & CO,United States,Banks - Diversified,2023,154952000000.0,USD,49552000000.0,,31.9789354122567,,0.012786316123293819,16.25
JPM,JPMORGAN CHASE & CO,United States,Banks - Diversified,2022,127727000000.0,USD,37676000000.0,,29.49728718281961,,0.010277861814098807,12.1
V,VISA INC.,United States,Credit Services,2025,40000000000.0,USD,20058000000.0,32145000000.0,50.144999999999996,80.3625,0.20133096449757595,10.22
V,VISA INC.,United States,Credit Services,2024,35926000000.0,USD,19743000000.0,28884000000.0,54.954628959527916,80.3985971162946,0.2088963189470009,9.74
V,VISA INC.,United States,Credit Services,2023,32653000000.0,USD,17273000000.0,26086000000.0,52.89866168499066,79.88852479098398,0.19086398744737512,8.29
ORCL,ORACLE CORP,United States,Software - Infrastructure,2025,57399000000.0,USD,12443000000.0,40472000000.0,21.678078015296435,70.509939197547,0.07390666484518386,4.46
ORCL,ORACLE CORP,United States,Software - Infrastructure,2024,52961000000.0,USD,10467000000.0,37818000000.0,19.763599629916353,71.40726194747077,0.07424668028600613,3.82
ORCL,ORACLE CORP,United States,Software - Infrastructure,2023,49954000000.0,USD,8503000000.0,36390000000.0,17.021659927132962,72.84701925771711,0.06327390165495893,3.15
XOM,EXXON MOBIL CORP,United States,Oil & Gas Integrated,2024,339247000000.0,USD,33680000000.0,76742000000.0,9.927869664285904,22.621275943486605,0.07427090798831247,7.84
XOM,EXXON MOBIL CORP,United States,Oil & Gas Integrated,2023,334697000000.0,USD,36010000000.0,84142000000.0,10.758984992396108,25.139753269374985,0.0956906012749889,8.89
XOM,EXXON MOBIL CORP,United States,Oil & Gas Integrated,2022,398675000000.0,USD,55740000000.0,103067000000.0,13.981313099642566,25.852386028720137,0.151029487870766,13.26
JNJ,JOHNSON & JOHNSON,United States,Drug Manufacturers - General,2024,88821000000.0,USD,14066000000.0,61350000000.0,15.836345008500242,69.07150336069174,0.07809932039266201,5.843978
JNJ,JOHNSON & JOHNSON,United States,Drug Manufacturers - General,2023,85159000000.0,USD,35153000000.0,58606000000.0,41.27925410115196,68.81950234267664,0.20979601093352748,14.604014
JNJ,JOHNSON & JOHNSON,United States,Drug Manufacturers - General,2022,79990000000.0,USD,17941000000.0,55394000000.0,22.42905363170396,69.25115639454931,0.09574763312662106,6.862158
MA,Mastercard Inc,United States,Credit Services,2024,28167000000.0,USD,12874000000.0,21494000000.0,45.70596797671033,76.30915610466148,0.26775649424928766,13.91
MA,Mastercard Inc,United States,Credit Services,2023,25098000000.0,USD,11195000000.0,19076000000.0,44.605147820543465,76.00605625946291,0.2637344515642669,11.86
MA,Mastercard Inc,United States,Credit Services,2022,22237000000.0,USD,9930000000.0,16974000000.0,44.65530422269191,76.33223906102442,0.25643012085528355,10.26
NFLX,NETFLIX INC,United States,Entertainment,2024,39000966000.0,USD,8711631000.0,17962502000.0,22.336962115246067,46.05655665041732,0.16243837866952038,20.28
NFLX,NETFLIX INC,United States,Entertainment,2023,33723297000.0,USD,5407990000.0,14007929000.0,16.036362043723067,41.53783955346952,0.11097412147650357,12.25
NFLX,NETFLIX INC,United States,Entertainment,2022,31615550000.0,USD,4491924000.0,12447265000.0,14.207957792921523,39.370705238403254,0.09243637092783322,10.1
ABBV,AbbVie Inc.,United States,Drug Manufacturers - General,2024,56334000000.0,USD,4278000000.0,39430000000.0,7.59399297049739,69.993254517698,0.03165114197142667,2.423443
ABBV,AbbVie Inc.,United States,Drug Manufacturers - General,2023,54318000000.0,USD,4863000000.0,33903000000.0,8.952833314923229,62.41577377664862,0.036099501896652834,2.753773
ABBV,AbbVie Inc.,United States,Drug Manufacturers - General,2022,58054000000.0,USD,11836000000.0,40640000000.0,20.387914700106798,70.00378957522307,0.08527070350491697,6.6901
COST,COSTCO WHOLESALE CORP /NEW,United States,Discount Stores,2025,275235000000.0,USD,8099000000.0,35349000000.0,2.9425763438516177,12.843206714262356,0.10504675806430692,18.24
COST,COSTCO WHOLESALE CORP /NEW,United States,Discount Stores,2024,254453000000.0,USD,7367000000.0,32095000000.0,2.8952301603832535,12.61333134213391,0.1054975583909725,16.59
COST,COSTCO WHOLESALE CORP /NEW,United States,Discount Stores,2023,242290000000.0,USD,6292000000.0,29704000000.0,2.59688802674481,12.259688802674482,0.09119633591326783,14.18
ASML,ASML HOLDING NV,Netherlands,Semiconductor Equipment & Materials,2024,28262900000.0,EUR,7571600000.0,14492000000.0,26.78989063401137,51.275700653506895,0.1558275845036798,19.25
ASML,ASML HOLDING NV,Netherlands,Semiconductor Equipment & Materials,2023,27558500000.0,EUR,7839000000.0,14136100000.0,28.444944391022737,51.29488179690477,0.1961834449102171,20.61
ASML,ASML HOLDING NV,Netherlands,Semiconductor Equipment & Materials,2022,21173400000.0,EUR,5624200000.0,10700100000.0,26.562573795422555,50.53557765876052,0.15493493184648102,16.08
BAC,BANK OF AMERICA CORP /DE/,United States,Banks - Diversified,2024,101887000000.0,USD,27132000000.0,,26.62950131027511,,0.008318823223166873,3.25
BAC,BANK OF AMERICA CORP /DE/,United States,Banks - Diversified,2023,98581000000.0,USD,26515000000.0,,26.896663657297044,,0.008337654406976272,3.1
BAC,BANK OF AMERICA CORP /DE/,United States,Banks - Diversified,2022,94950000000.0,USD,27528000000.0,,28.99210110584518,,0.009021506697800172,3.21
PLTR,Palantir Technologies Inc.,United States,Software - Infrastructure,2024,2865507000.0,USD,462190000.0,2299517000.0,16.129431894600152,80.24817248745161,0.0728904676382662,0.0525
PLTR,Palantir Technologies Inc.,United States,Software - Infrastructure,2023,2225012000.0,USD,209825000.0,1793907000.0,9.430286218681069,80.62459887856784,0.04639656821285041,0.025
PLTR,Palantir Technologies Inc.,United States,Software - Infrastructure,2022,1905871000.0,USD,-373705000.0,1497322000.0,-19.608095196369536,78.56365934525475,-0.10796856270254669,-0.045
BABA,Alibaba Group Holding Ltd,Hong Kong,Internet Retail,2025,996347000000.0,CNY,130109000000.0,398062000000.0,13.058603077040429,39.9521451863658,0.07211343140303299,55.12
BABA,Alibaba Group Holding Ltd,Hong Kong,Internet Retail,2024,941168000000.0,CNY,80009000000.0,354845000000.0,8.501032759294834,37.70262057358516,0.04533527044263212,31.6
BABA,Alibaba Group Holding Ltd,Hong Kong,Internet Retail,2023,868687000000.0,CNY,72783000000.0,318992000000.0,8.378506873016404,36.72116654214924,0.041518068000575,27.68
PG,PROCTER & GAMBLE Co,United States,Household & Personal Products,2025,84284000000.0,USD,15974000000.0,43120000000.0,18.952588866214228,51.16036258364577,0.1275562760019484,6.67
PG,PROCTER & GAMBLE Co,United States,Household & Personal Products,2024,84039000000.0,USD,14879000000.0,43191000000.0,17.70487511750497,51.39399564487916,0.12159025905042085,6.18
PG,PROCTER & GAMBLE Co,United States,Household & Personal Products,2023,82006000000.0,USD,14653000000.0,39246000000.0,17.868204765504963,47.85747384337731,0.12127055590959124,6.07
AMD,ADVANCED MICRO DEVICES INC,United States,Semiconductors,2024,25785000000.0,USD,1641000000.0,12725000000.0,6.364165212332752,49.350397517936784,0.02370496634212579,1.01
AMD,ADVANCED MICRO DEVICES INC,United States,Semiconductors,2023,22680000000.0,USD,854000000.0,10460000000.0,3.7654320987654324,46.119929453262785,0.012580098696324666,0.53
AMD,ADVANCED MICRO DEVICES INC,United States,Semiconductors,2022,23601000000.0,USD,1320000000.0,10603000000.0,5.592983348163213,44.92606245498072,0.01953240603728914,0.85
HD,"HOME DEPOT, INC.",United States,Home Improvement Retail,2025,159514000000.0,USD,14806000000.0,53308000000.0,9.281943904610253,33.419010243614984,0.15403822345217907,14.96
HD,"HOME DEPOT, INC.",United States,Home Improvement Retail,2024,152669000000.0,USD,15143000000.0,50960000000.0,9.918844035134834,33.37940249821509,0.19787011629426368,15.16
HD,"HOME DEPOT, INC.",United States,Home Improvement Retail,2023,157403000000.0,USD,17105000000.0,52778000000.0,10.867010158637383,33.530491794946734,0.2237556413107463,16.74
GE,GENERAL ELECTRIC CO,United States,Aerospace & Defense,2024,38702000000.0,USD,6556000000.0,14394000000.0,16.939693039119426,37.191876388817114,0.05324021439012506,6.04
GE,GENERAL ELECTRIC CO,United States,Aerospace & Defense,2023,35348000000.0,USD,9482000000.0,12409000000.0,26.824714269548487,35.10523933461582,0.05471436814772072,8.44
GE,GENERAL ELECTRIC CO,United States,Aerospace & Defense,2022,29139000000.0,USD,336000000.0,10152000000.0,1.1530937918253885,34.83990528158139,0.001779180412070892,0.05
KO,COCA COLA CO,United States,Beverages - Non-Alcoholic,2024,47061000000.0,USD,10631000000.0,28737000000.0,22.589830220352308,61.06330082233696,0.1057295447990532,2.47
KO,COCA COLA CO,United States,Beverages - Non-Alcoholic,2023,45754000000.0,USD,10714000000.0,27234000000.0,23.416531887922368,59.52266468505486,0.10965886410857395,2.48
KO,COCA COLA CO,United States,Beverages - Non-Alcoholic,2022,43004000000.0,USD,9542000000.0,25004000000.0,22.18863361547763,58.143428518277375,0.10286428856332805,2.2
CVX,CHEVRON CORP,United States,Oil & Gas Integrated,2024,193414000000.0,USD,17661000000.0,56926000000.0,9.131190089652248,29.432202425884373,0.06873642668659365,9.76
CVX,CHEVRON CORP,United States,Oil & Gas Integrated,2023,196913000000.0,USD,21369000000.0,60391000000.0,10.852000629719724,30.668874071290368,0.08167578889432485,11.41
CVX,CHEVRON CORP,United States,Oil & Gas Integrated,2022,235717000000.0,USD,35465000000.0,73982000000.0,15.045584323574456,31.385941616429868,0.13761645887415652,18.36
CSCO,"CISCO SYSTEMS, INC.",United States,Communication Equipment,2025,56654000000.0,USD,10180000000.0,36790000000.0,17.968722420305717,64.93804497475907,0.08324406538502424,2.63
CSCO,"CISCO SYSTEMS, INC.",United States,Communication Equipment,2024,53803000000.0,USD,10320000000.0,34828000000.0,19.18108655651172,64.73244986339051,0.08294953099756457,2.55
CSCO,"CISCO SYSTEMS, INC.",United States,Communication Equipment,2023,56998000000.0,USD,12613000000.0,35753000000.0,22.12884662619741,62.726762342538336,0.12383654714684052,3.08
UNH,UNITEDHEALTH GROUP INC,United States,Healthcare Plans,2024,400278000000.0,USD,14405000000.0,89399000000.0,3.598748869535673,22.33422771174034,0.04829387350055988,15.743169
UNH,UNITEDHEALTH GROUP INC,United States,Healthcare Plans,2023,371622000000.0,USD,22381000000.0,90958000000.0,6.022517504345814,24.47594598812772,0.08176603828730089,24.221861
UNH,UNITEDHEALTH GROUP INC,United States,Healthcare Plans,2022,324162000000.0,USD,20120000000.0,79617000000.0,6.20677315663156,24.560867714291,0.08188681549012027,21.541756
CYATY,"Contemporary Amperex Technology Co., Limited/ADR",China,Electrical Equipment & Parts,2024,362012554000.0,CNY,50744682000.0,88493595000.0,14.017381839194448,24.44489673692366,0.06450665227542562,2.895
CYATY,"Contemporary Amperex Technology Co., Limited/ADR",China,Electrical Equipment & Parts,2023,400917045000.0,CNY,44121248000.0,76934915000.0,11.005081612332047,19.18973412567181,0.061521492143568626,2.515
CYATY,"Contemporary Amperex Technology Co., Limited/ADR",China,Electrical Equipment & Parts,2022,328593987500.0,CNY,30729163500.0,66544378300.0,9.351712042509604,20.251246471757188,0.051134109722418414,1.79415
AZN,ASTRAZENECA PLC,United Kingdom,Drug Manufacturers - General,2024,54073000000.0,USD,7035000000.0,43866000000.0,13.010189928430085,81.12366615501266,0.06762147354255779,2.27
AZN,ASTRAZENECA PLC,United Kingdom,Drug Manufacturers - General,2023,45811000000.0,USD,5955000000.0,37543000000.0,12.99906136080854,81.95193294186986,0.05889100960254749,1.92
AZN,ASTRAZENECA PLC,United Kingdom,Drug Manufacturers - General,2022,44351000000.0,USD,3288000000.0,31960000000.0,7.413587066807964,72.06150932335234,0.034078542333882654,1.06
SAP,SAP SE,Germany,Software - Application,2024,34176000000.0,EUR,3124000000.0,24932000000.0,9.140917602996254,72.95177902621724,0.04214673106500094,2.68
SAP,SAP SE,Germany,Software - Application,2023,31207000000.0,EUR,6139000000.0,22534000000.0,19.671868491043675,72.20815842599417,0.0898420921690009,5.23
SAP,SAP SE,Germany,Software - Application,2022,29519000000.0,EUR,2284000000.0,21482000000.0,7.737389477963346,72.77346793590569,0.03165232334150972,1.96
IBM,INTERNATIONAL BUSINESS MACHINES CORP,United States,Information Technology Services,2024,62753000000.0,USD,6023000000.0,35551000000.0,9.597947508485651,56.6522716045448,0.04390741753234919,6.53
IBM,INTERNATIONAL BUSINESS MACHINES CORP,United States,Information Technology Services,2023,61860000000.0,USD,7502000000.0,34300000000.0,12.127384416424183,55.44778532169414,0.055471343749306797,8.23
IBM,INTERNATIONAL BUSINESS MACHINES CORP,United States,Information Technology Services,2022,60530000000.0,USD,1640000000.0,32687000000.0,2.7094002973732034,54.00132165868165,0.012888724723560431,1.82
WFC,WELLS FARGO & COMPANY/MN,United States,Banks - Diversified,2024,82296000000.0,USD,19722000000.0,,23.964712744240305,,0.010219473584666126,5.43
WFC,WELLS FARGO & COMPANY/MN,United States,Banks - Diversified,2023,82597000000.0,USD,19142000000.0,,23.17517585384457,,0.009905468033623325,4.88
WFC,WELLS FARGO & COMPANY/MN,United States,Banks - Diversified,2022,74368000000.0,USD,13677000000.0,,18.39097461273666,,0.007271055065868518,3.17
CAT,CATERPILLAR INC,United States,Farm & Heavy Construction Machinery,2024,64809000000.0,USD,10792000000.0,23324000000.0,16.65200820873644,35.9888287120616,0.12296613645686158,22.17
CAT,CATERPILLAR INC,United States,Farm & Heavy Construction Machinery,2023,67060000000.0,USD,10335000000.0,23263000000.0,15.41157172681181,34.689830002982404,0.11814669166399927,20.24
CAT,CATERPILLAR INC,United States,Farm & Heavy Construction Machinery,2022,59427000000.0,USD,6705000000.0,17512000000.0,11.282750265031046,29.46808689652851,0.08182517115555936,12.72
MS,MORGAN STANLEY,United States,Capital Markets,2024,57621000000.0,USD,13390000000.0,,23.238055570017877,,0.011019932168572865,8.04
MS,MORGAN STANLEY,United States,Capital Markets,2023,50667000000.0,USD,9087000000.0,,17.934750429273493,,0.007612510084251144,5.24
MS,MORGAN STANLEY,United States,Capital Markets,2022,50210000000.0,USD,11029000000.0,,21.96574387572197,,0.009344780809858408,6.23
TM,TOYOTA MOTOR CORP/,Japan,Auto Manufacturers,2025,48036704000000.0,JPY,4765086000000.0,9578038000000.0,9.919677253460188,19.938999145320214,0.05090830420715086,3595.6
TM,TOYOTA MOTOR CORP/,Japan,Auto Manufacturers,2024,45095325000000.0,JPY,4944933000000.0,9368318000000.0,10.965511391701911,20.774477176957923,0.05487401244304233,3659.4
TM,TOYOTA MOTOR CORP/,Japan,Auto Manufacturers,2023,37154298000000.0,JPY,2451318000000.0,6313016000000.0,6.597670073055882,16.99134781122765,0.03299075490443343,1794.7
PM,Philip Morris International Inc.,United States,Tobacco,2024,37878000000.0,USD,7057000000.0,24549000000.0,18.630867522044458,64.81070806272771,0.11422051016444387,4.53
PM,Philip Morris International Inc.,United States,Tobacco,2023,35174000000.0,USD,7813000000.0,22281000000.0,22.21242963552624,63.34508443736851,0.11964045081465148,5.02
PM,Philip Morris International Inc.,United States,Tobacco,2022,31762000000.0,USD,9048000000.0,20360000000.0,28.486871103834773,64.10175681632138,0.14669022875764012,5.82
AXP,AMERICAN EXPRESS CO,United States,Credit Services,2024,65949000000.0,USD,10129000000.0,,15.358837889884608,,0.037312910510165366,14.04
AXP,AMERICAN EXPRESS CO,United States,Credit Services,2023,60515000000.0,USD,8374000000.0,,13.837891431876395,,0.03207102042066884,11.23
AXP,AMERICAN EXPRESS CO,United States,Credit Services,2022,52862000000.0,USD,7514000000.0,,14.214369490371153,,0.03290505092969687,9.86
NVS,NOVARTIS AG,Switzerland,Drug Manufacturers - General,2024,51722000000.0,USD,11941000000.0,38895000000.0,23.086887591353776,75.20010827114187,0.116786964771238,5.92
NVS,NOVARTIS AG,Switzerland,Drug Manufacturers - General,2023,46660000000.0,USD,14850000000.0,34188000000.0,31.82597513930562,73.27046720960138,0.14858171994597028,7.15
NVS,NOVARTIS AG,Switzerland,Drug Manufacturers - General,2022,43461000000.0,USD,6955000000.0,31879000000.0,16.00285313269368,73.35082027564943,0.05921517543187488,3.19
MRK,"Merck & Co., Inc.",United States,Drug Manufacturers - General,2024,64168000000.0,USD,17117000000.0,48975000000.0,26.675289864106723,76.32308939035033,0.1461667207487234,6.771937
MRK,"Merck & Co., Inc.",United States,Drug Manufacturers - General,2023,60115000000.0,USD,365000000.0,43989000000.0,0.6071695916160692,73.1747483989021,0.003421607686899461,0.14
MRK,"Merck & Co., Inc.",United States,Drug Manufacturers - General,2022,59283000000.0,USD,14519000000.0,41872000000.0,24.491000792807384,70.63070357438052,0.13300659582264565,5.73
TMUS,"T-Mobile US, Inc.",United States,Telecom Services,2024,81400000000.0,USD,11339000000.0,51747000000.0,13.92997542997543,63.571253071253075,0.05450525152017689,9.7
TMUS,"T-Mobile US, Inc.",United States,Telecom Services,2023,78558000000.0,USD,8317000000.0,48370000000.0,10.587082155859365,61.57234145472136,0.040046802322781946,7.02
TMUS,"T-Mobile US, Inc.",United States,Telecom Services,2022,79571000000.0,USD,2590000000.0,43365000000.0,3.2549546945495216,54.498498196579156,0.01225524988407196,2.07
GS,GOLDMAN SACHS GROUP INC,United States,Capital Markets,2024,53512000000.0,USD,14276000000.0,,26.678128270294515,,0.008518042067528575,41.07
GS,GOLDMAN SACHS GROUP INC,United States,Capital Markets,2023,46254000000.0,USD,8516000000.0,,18.411380637350284,,0.0051876407930340875,23.05
GS,GOLDMAN SACHS GROUP INC,United States,Capital Markets,2022,47365000000.0,USD,11261000000.0,,23.774939301171752,,0.007810381336094698,30.42
HSBC,HSBC HOLDINGS PLC,United Kingdom,Banks - Diversified,2024,67396000000.0,USD,23979000000.0,,35.57926286426494,,0.007947835102391478,6.25
HSBC,HSBC HOLDINGS PLC,United Kingdom,Banks - Diversified,2023,64440000000.0,USD,23533000000.0,,36.51924270639355,,0.007744488802199115,5.75
HSBC,HSBC HOLDINGS PLC,United Kingdom,Banks - Diversified,2022,53719000000.0,USD,15559000000.0,,28.963681379027907,,0.005275514141388797,3.75
RTX,RTX Corp,United States,Aerospace & Defense,2024,80738000000.0,USD,4774000000.0,15410000000.0,5.912953008496618,19.086427704426665,0.029313340824383985,3.58
RTX,RTX Corp,United States,Aerospace & Defense,2023,68920000000.0,USD,3195000000.0,12089000000.0,4.635809634358677,17.540626813697042,0.019738183345791967,2.24
RTX,RTX Corp,United States,Aerospace & Defense,2022,67074000000.0,USD,5197000000.0,13668000000.0,7.748158750037272,20.377493514625638,0.03271351596333971,3.52
MU,MICRON TECHNOLOGY INC,United States,Semiconductors,2025,37378000000.0,USD,8539000000.0,14873000000.0,22.84498903098079,39.79078602386431,0.1031305103988019,7.65
MU,MICRON TECHNOLOGY INC,United States,Semiconductors,2024,25111000000.0,USD,778000000.0,5613000000.0,3.098243797538927,22.352753773246782,0.011207790711075256,0.7
MU,MICRON TECHNOLOGY INC,United States,Semiconductors,2023,15540000000.0,USD,-5833000000.0,-1416000000.0,-37.53539253539254,-9.111969111969112,-0.09078034052354718,-5.34
MCD,MCDONALDS CORP,United States,Restaurants,2024,25920000000.0,USD,8223000000.0,14710000000.0,31.724537037037038,56.751543209876544,0.1490159834728716,11.45
MCD,MCDONALDS CORP,United States,Restaurants,2023,25495000000.0,USD,8469000000.0,14564000000.0,33.21827809374387,57.12492645616788,0.15083619783781857,11.718279
MCD,MCDONALDS CORP,United States,Restaurants,2022,23182000000.0,USD,6177000000.0,13207000000.0,26.645673367267708,56.97092571822966,0.12247301509251401,8.447149
ABT,ABBOTT LABORATORIES,United States,Medical Devices,2024,41950000000.0,USD,13402000000.0,23244000000.0,31.94755661501788,55.408820023837905,0.1646154224089223,7.739225
ABT,ABBOTT LABORATORIES,United States,Medical Devices,2023,40109000000.0,USD,5723000000.0,22134000000.0,14.268618015906654,55.18462190530804,0.07816810992433142,3.300316
ABT,ABBOTT LABORATORIES,United States,Medical Devices,2022,43653000000.0,USD,6933000000.0,24511000000.0,15.882069960827435,56.14963461846838,0.09313791343131196,3.989538
CRM,"Salesforce, Inc.",United States,Software - Application,2025,37895000000.0,USD,6197000000.0,29252000000.0,16.353080881382766,77.1922417205436,0.060207135084719414,6.44
CRM,"Salesforce, Inc.",United States,Software - Application,2024,34857000000.0,USD,4136000000.0,26316000000.0,11.865622400091803,75.49703072553577,0.04143333700650151,4.25
CRM,"Salesforce, Inc.",United States,Software - Application,2023,31352000000.0,USD,208000000.0,22992000000.0,0.6634345496300076,73.33503444756315,0.002104219567218687,0.21
TMO,THERMO FISHER SCIENTIFIC INC.,United States,Diagnostics & Research,2024,42879000000.0,USD,6335000000.0,17702000000.0,14.774131859418363,41.28361202453416,0.06509386463353233,16.58
TMO,THERMO FISHER SCIENTIFIC INC.,United States,Diagnostics & Research,2023,42857000000.0,USD,5995000000.0,17100000000.0,13.988379961266537,39.90013300044333,0.06072361890484776,15.52
TMO,THERMO FISHER SCIENTIFIC INC.,United States,Diagnostics & Research,2022,44915000000.0,USD,6950000000.0,18971000000.0,15.473672492485807,42.23755983524435,0.07153591205714639,17.75
NVO,NOVO NORDISK A S,Denmark,Drug Manufacturers - General,2024,290403000000.0,DKK,100988000000.0,245881000000.0,34.77512284652707,84.66889116159268,0.21680782318401873,22.67
NVO,NOVO NORDISK A S,Denmark,Drug Manufacturers - General,2023,232261000000.0,DKK,83683000000.0,196496000000.0,36.02972517986231,84.60137517706373,0.26609451613108376,18.67
NVO,NOVO NORDISK A S,Denmark,Drug Manufacturers - General,2022,176954000000.0,DKK,55525000000.0,148506000000.0,31.378211286549046,83.92350554381365,0.23014876252295272,12.26
SHEL,Shell plc,United Kingdom,Oil & Gas Integrated,2024,284312000000.0,USD,16094000000.0,45941000000.0,5.660682630349757,16.158656687019892,0.04152122370739585,5.1
SHEL,Shell plc,United Kingdom,Oil & Gas Integrated,2023,316620000000.0,USD,19359000000.0,47207000000.0,6.1142694712905055,14.909670898869306,0.04765057720235311,5.76
SHEL,Shell plc,United Kingdom,Oil & Gas Integrated,2022,381314000000.0,USD,42309000000.0,78779000000.0,11.095580020665384,20.659876112600113,0.09550046950052367,11.52
RY,ROYAL BANK OF CANADA,Canada,Banks - Diversified,2024,57491000000.0,CAD,16230000000.0,,28.230505644361724,,0.007473814021298758,11.27
RY,ROYAL BANK OF CANADA,Canada,Banks - Diversified,2023,51591000000.0,CAD,14605000000.0,,28.309201217266576,,0.007278731302930281,10.33
RY,ROYAL BANK OF CANADA,Canada,Banks - Diversified,2022,48775000000.0,CAD,15794000000.0,,32.38134290107637,,0.008237973856925056,11.08
PEP,PEPSICO INC,United States,Beverages - Non-Alcoholic,2024,91854000000.0,USD,9578000000.0,50110000000.0,10.427417423302197,54.55396607659983,0.09629324298511063,6.981105
PEP,PEPSICO INC,United States,Beverages - Non-Alcoholic,2023,91471000000.0,USD,9074000000.0,49590000000.0,9.92008396103683,54.21390386023985,0.09029304940544305,6.604076
PEP,PEPSICO INC,United States,Beverages - Non-Alcoholic,2022,86392000000.0,USD,8910000000.0,45816000000.0,10.313454949532364,53.03268821187147,0.09665137166845651,6.470588
ISRG,INTUITIVE SURGICAL INC,United States,Medical Instruments & Supplies,2024,8352100000.0,USD,2322600000.0,5634200000.0,27.808575088899794,67.45848349516888,0.12391694054377055,6.54
ISRG,INTUITIVE SURGICAL INC,United States,Medical Instruments & Supplies,2023,7124100000.0,USD,1798000000.0,4729500000.0,25.238275712019764,66.38733313681729,0.11643946507787456,5.12
ISRG,INTUITIVE SURGICAL INC,United States,Medical Instruments & Supplies,2022,6222200000.0,USD,1322300000.0,4196000000.0,21.25132589759249,67.43595512841118,0.10191922306150764,3.72
LIN,LINDE PLC,United Kingdom,Specialty Chemicals,2024,33005000000.0,USD,6565000000.0,15862000000.0,19.89092561733071,48.0593849416755,0.08191198672439393,13.71
LIN,LINDE PLC,United Kingdom,Specialty Chemicals,2023,32854000000.0,USD,6199000000.0,15362000000.0,18.868326535581666,46.7583855847081,0.07670985385652944,12.7
LIN,LINDE PLC,United Kingdom,Specialty Chemicals,2022,33364000000.0,USD,4147000000.0,13914000000.0,12.429564800383647,41.70363265795468,0.05206005674257451,8.3
HDB,HDFC BANK LTD,India,Banks - Regional,2025,2371508200000.0,INR,673508300000.0,,28.399998785582948,,0.013976776312810852,139.215
HDB,HDFC BANK LTD,India,Banks - Regional,2024,1986934300000.0,INR,622656600000.0,,31.33755353662172,,0.014113253391037828,132.99
HDB,HDFC BANK LTD,India,Banks - Regional,2023,1205375000000.0,INR,495446900000.0,,41.10313387949808,,0.01923645491951583,133.53
SHOP,SHOPIFY INC.,Canada,Software - Application,2024,8880000000.0,USD,2019000000.0,4472000000.0,22.736486486486488,50.36036036036036,0.1450014363688595,1.559579
SHOP,SHOPIFY INC.,Canada,Software - Application,2023,7060000000.0,USD,132000000.0,3515000000.0,1.8696883852691217,49.787535410764875,0.011682449774316312,0.1
SHOP,SHOPIFY INC.,Canada,Software - Application,2022,5600000000.0,USD,-3460000000.0,2754000000.0,-61.78571428571429,49.17857142857143,-0.32165101794180534,-2.73
DIS,Walt Disney Co,United States,Entertainment,2025,94425000000.0,USD,12404000000.0,35659000000.0,13.136351601800369,37.76436325125761,0.06280061160221553,6.88
DIS,Walt Disney Co,United States,Entertainment,2024,91361000000.0,USD,4972000000.0,32663000000.0,5.442147086831362,35.751578901281725,0.025339034446205517,2.72
DIS,Walt Disney Co,United States,Entertainment,2023,88898000000.0,USD,2354000000.0,29697000000.0,2.647978582195325,33.40570091565615,0.011450585906148001,1.29
AMGN,AMGEN INC,United States,Drug Manufacturers - General,2024,33424000000.0,USD,4090000000.0,20566000000.0,12.236716132120632,61.53063666826233,0.044534457038948594,7.62
AMGN,AMGEN INC,United States,Drug Manufacturers - General,2023,28190000000.0,USD,6717000000.0,19739000000.0,23.827598439162823,70.02128414331324,0.06913765773925933,12.56
AMGN,AMGEN INC,United States,Drug Manufacturers - General,2022,26323000000.0,USD,6552000000.0,19917000000.0,24.890779926300194,75.66386810014056,0.10061270557884554,12.18
T,AT&T INC.,United States,Telecom Services,2024,122336000000.0,USD,10948000000.0,73115000000.0,8.949123724823437,59.76572717760921,0.027730847655112148,1.49
T,AT&T INC.,United States,Telecom Services,2023,122428000000.0,USD,14400000000.0,72305000000.0,11.762015225275265,59.059202143300546,0.03537562030167543,1.97
T,AT&T INC.,United States,Telecom Services,2022,120741000000.0,USD,-8524000000.0,69893000000.0,-7.059739442277271,57.88671619416769,-0.02115908284163206,-1.13
C,CITIGROUP INC,United States,Banks - Diversified,2024,81089000000.0,USD,12682000000.0,,15.639605865160503,,0.005389841241507982,6.026086
C,CITIGROUP INC,United States,Banks - Diversified,2023,77024000000.0,USD,9228000000.0,,11.98068134607395,,0.0038261339710776113,4.067147
C,CITIGROUP INC,United States,Banks - Diversified,2022,74480000000.0,USD,14845000000.0,,19.93152524167562,,0.006142734897023846,7.037551
INTU,INTUIT INC.,United States,Software - Application,2025,18831000000.0,USD,3869000000.0,14983000000.0,20.54590834262652,79.56560989857151,0.10468640077926294,13.82
INTU,INTUIT INC.,United States,Software - Application,2024,16285000000.0,USD,2963000000.0,12820000000.0,18.1946576604237,78.72275099785078,0.09221336984937134,10.58
INTU,INTUIT INC.,United States,Software - Application,2023,14368000000.0,USD,2384000000.0,11225000000.0,16.592427616926503,78.125,0.08581713462922966,8.49
APP,AppLovin Corp,United States,Advertising Agencies,2024,4709248000.0,USD,1579776000.0,3542442000.0,33.546247723628056,75.2230929439265,0.2691610644546441,4.68
APP,AppLovin Corp,United States,Advertising Agencies,2023,3283087000.0,USD,356711000.0,2223896000.0,10.865109575225999,67.73795516232131,0.06656065556212164,1.01
APP,AppLovin Corp,United States,Advertising Agencies,2022,2817058000.0,USD,-192746000.0,1560993000.0,-6.8421026475138245,55.412171137406474,-0.03296017029176213,-0.52
LRCX,LAM RESEARCH CORP,United States,Semiconductor Equipment & Materials,2025,18435591000.0,USD,5358217000.0,8979059000.0,29.064525243589966,48.705023885591736,0.25102608260569326,4.17
LRCX,LAM RESEARCH CORP,United States,Semiconductor Equipment & Materials,2024,14905386000.0,USD,3827772000.0,7052791000.0,25.68046208263241,47.31706377815375,0.20420525707281537,2.913
LRCX,LAM RESEARCH CORP,United States,Semiconductor Equipment & Materials,2023,17428516000.0,USD,4510931000.0,7776925000.0,25.882473298357706,44.62184273176213,0.24017765644890599,3.33
NEE,NEXTERA ENERGY INC,United States,Utilities - Regulated Electric,2024,24753000000.0,USD,6946000000.0,14867000000.0,28.061245101603845,60.061406698178,0.0365302086839448,3.376762
NEE,NEXTERA ENERGY INC,United States,Utilities - Regulated Electric,2023,28114000000.0,USD,7310000000.0,17976000000.0,26.001280500818098,63.93967418368073,0.0411856509417485,3.6
NEE,NEXTERA ENERGY INC,United States,Utilities - Regulated Electric,2022,20956000000.0,USD,4147000000.0,10139000000.0,19.78908188585608,48.382324871158616,0.026092427722024726,2.087066
AMAT,APPLIED MATERIALS INC /DE,United States,Semiconductor Equipment & Materials,2024,27176000000.0,USD,7177000000.0,12897000000.0,26.409331763320576,47.457315278186634,0.20857915080356884,8.68
AMAT,APPLIED MATERIALS INC /DE,United States,Semiconductor Equipment & Materials,2023,26517000000.0,USD,6856000000.0,12384000000.0,25.85511181506204,46.70211562393936,0.22311171857203294,8.16
UBER,"Uber Technologies, Inc",United States,Software - Application,2024,43978000000.0,USD,9856000000.0,17327000000.0,22.411205602801402,39.399245077084,0.19233471235656857,4.71
UBER,"Uber Technologies, Inc",United States,Software - Application,2023,37281000000.0,USD,1887000000.0,14824000000.0,5.06155950752394,39.762881896944826,0.048760949895346135,0.93
UBER,"Uber Technologies, Inc",United States,Software - Application,2022,31877000000.0,USD,-9141000000.0,12218000000.0,-28.675847789942594,38.328575461931806,-0.2846865364850976,-4.64
QCOM,QUALCOMM INC/DE,United States,Semiconductors,2025,44284000000.0,USD,5541000000.0,24546000000.0,12.51241983560654,55.428597236022036,0.1105039586781804,
QCOM,QUALCOMM INC/DE,United States,Semiconductors,2024,38962000000.0,USD,10142000000.0,21902000000.0,26.030491247882555,56.21374672758071,0.1838851216593538,9.09
QCOM,QUALCOMM INC/DE,United States,Semiconductors,2023,35820000000.0,USD,7232000000.0,19951000000.0,20.189838079285316,55.69793411501954,0.14169278996865203,6.47
VZ,VERIZON COMMUNICATIONS INC,United States,Telecom Services,2024,134788000000.0,USD,17506000000.0,80691000000.0,12.987803068522421,59.86512152417129,0.045504287634094163,4.15
VZ,VERIZON COMMUNICATIONS INC,United States,Telecom Services,2023,133974000000.0,USD,11614000000.0,79087000000.0,8.668846194037648,59.03160314687924,0.030542662160918332,2.76
VZ,VERIZON COMMUNICATIONS INC,United States,Telecom Services,2022,136835000000.0,USD,21256000000.0,77702000000.0,15.53403734424672,56.785179230460045,0.05598398651495996,5.06
MUFG,MITSUBISHI UFJ FINANCIAL GROUP INC,Japan,Banks - Diversified,2025,6838439000000.0,JPY,1862946000000.0,,27.242269763611255,,0.004509525821573186,160.01
MUFG,MITSUBISHI UFJ FINANCIAL GROUP INC,Japan,Banks - Diversified,2024,5879775000000.0,JPY,1490781000000.0,,25.354388560786767,,0.003692765367518921,124.64
MUFG,MITSUBISHI UFJ FINANCIAL GROUP INC,Japan,Banks - Diversified,2023,6057232000000.0,JPY,1116496000000.0,,18.432445711176328,,0.002886498215197949,90.72
BX,Blackstone Inc.,United States,Asset Management,2024,10930540000.0,USD,2776508000.0,,25.401379986716115,,0.06387200331263893,3.62
BX,Blackstone Inc.,United States,Asset Management,2023,7006649000.0,USD,1390880000.0,,19.850858805685856,,0.03452383404989087,1.84
BX,Blackstone Inc.,United States,Asset Management,2022,7132632000.0,USD,1747631000.0,,24.501908972732647,,0.041097302015625115,2.36
NOW,"ServiceNow, Inc.",United States,Software - Application,2024,10984000000.0,USD,1425000000.0,8697000000.0,12.973415877640203,79.1788055353241,0.06991120051022912,6.92
NOW,"ServiceNow, Inc.",United States,Software - Application,2023,8971000000.0,USD,1731000000.0,7050000000.0,19.295507747185376,78.58655668264407,0.09955714039224708,8.48
NOW,"ServiceNow, Inc.",United States,Software - Application,2022,7245000000.0,USD,325000000.0,5672000000.0,4.485852311939269,78.28847481021394,0.024437927663734114,1.61
SONY,Sony Group Corp,Japan,Consumer Electronics,2025,12957064000000.0,JPY,1141600000000.0,3662552000000.0,8.81063796551441,28.26683575847121,0.03234619907935169,188.71
SONY,Sony Group Corp,Japan,Consumer Electronics,2024,13020768000000.0,JPY,970573000000.0,3325081000000.0,7.454038041381277,25.536750213197866,0.028456300947387218,157.66
SONY,Sony Group Corp,Japan,Consumer Electronics,2023,10974373000000.0,JPY,1005277000000.0,3235089000000.0,9.160222638687422,29.478577044902703,0.032267892872510015,151.676
TJX,TJX COMPANIES INC /DE/,United States,Apparel Retail,2025,56360000000.0,USD,4864000000.0,17248000000.0,8.630234208658623,30.603264726756564,0.15320167564332735,4.326794
TJX,TJX COMPANIES INC /DE/,United States,Apparel Retail,2024,54217000000.0,USD,4474000000.0,16266000000.0,8.252024272829555,30.00165999594223,0.15040172118196793,3.925674
TJX,TJX COMPANIES INC /DE/,United States,Apparel Retail,2023,49936000000.0,USD,3498000000.0,13787000000.0,7.004966356936879,27.60933995514258,0.12339059578821122,3.027424
SCHW,SCHWAB CHARLES CORP,United States,Capital Markets,2024,19606000000.0,USD,5942000000.0,,30.307048862593085,,0.012383217010563871,3.0
SCHW,SCHWAB CHARLES CORP,United States,Capital Markets,2023,18837000000.0,USD,5067000000.0,,26.899187768752984,,0.010274180924534347,2.55
SCHW,SCHWAB CHARLES CORP,United States,Capital Markets,2022,20762000000.0,USD,7183000000.0,,34.59685964743281,,0.013018058183452585,3.52
INTC,INTEL CORP,United States,Semiconductors,2024,53101000000.0,USD,-18756000000.0,17345000000.0,-35.321368712453626,32.664168283083185,-0.09545766852431484,-4.38
INTC,INTEL CORP,United States,Semiconductors,2023,54228000000.0,USD,1689000000.0,21711000000.0,3.114627129895995,40.0365125027661,0.008816528511473493,0.4
INTC,INTEL CORP,United States,Semiconductors,2022,63054000000.0,USD,8014000000.0,26866000000.0,12.709740857043169,42.6079233672725,0.04400806137186098,1.95
PDD,PDD Holdings Inc.,Ireland,Internet Retail,2024,393836097000.0,CNY,112434512000.0,239935723000.0,28.54855429871884,60.92273532763555,0.222627469932162,81.24
PDD,PDD Holdings Inc.,Ireland,Internet Retail,2023,247639205000.0,CNY,60026544000.0,155915628000.0,24.239515709962,62.96080138037917,0.17245135660925773,44.32
PDD,PDD Holdings Inc.,Ireland,Internet Retail,2022,130557589000.0,CNY,31538062000.0,99095291000.0,24.15643720258958,75.90159389355757,0.13300467379900333,24.96
APH,AMPHENOL CORP /DE/,United States,Electronic Components,2024,15222700000.0,USD,2424000000.0,5139700000.0,15.923587799798986,33.763392827816354,0.11305864684098096,2.01
APH,AMPHENOL CORP /DE/,United States,Electronic Components,2023,12554700000.0,USD,1928000000.0,4084100000.0,15.35679864911149,32.53044676495655,0.11666182592700165,1.615
APH,AMPHENOL CORP /DE/,United States,Electronic Components,2022,12623000000.0,USD,1902300000.0,4028200000.0,15.07011011645409,31.91158995484433,0.12412078662682205,1.595
DHR,DANAHER CORP /DE/,United States,Diagnostics & Research,2024,23875000000.0,USD,3899000000.0,14206000000.0,16.330890052356022,59.50157068062827,0.05028242758762993,5.33
DHR,DANAHER CORP /DE/,United States,Diagnostics & Research,2023,23890000000.0,USD,4764000000.0,14034000000.0,19.94139807450816,58.74424445374634,0.05638670580437458,6.44
DHR,DANAHER CORP /DE/,United States,Diagnostics & Research,2022,26643000000.0,USD,7209000000.0,16188000000.0,27.05776376534174,60.75892354464587,0.08546532305868405,9.8
DTEGY,DEUTSCHE TELEKOM AG,Germany,Telecom Services,2024,115111000000.0,EUR,11209000000.0,70370000000.0,9.737557661735195,61.1322983902494,0.03675877402979005,2.27
DTEGY,DEUTSCHE TELEKOM AG,Germany,Telecom Services,2023,111308000000.0,EUR,17788000000.0,66822000000.0,15.980881877313402,60.03342077838071,0.06127348822789824,3.57
DTEGY,DEUTSCHE TELEKOM AG,Germany,Telecom Services,2022,113608000000.0,EUR,8001000000.0,63561000000.0,7.042637842405465,55.9476445320752,0.026795940922334973,1.61
GILD,"GILEAD SCIENCES, INC.",United States,Drug Manufacturers - General,2024,28754000000.0,USD,480000000.0,22503000000.0,1.669332962370453,78.2604159421298,0.00813628273582507,0.38
GILD,"GILEAD SCIENCES, INC.",United States,Drug Manufacturers - General,2023,27116000000.0,USD,5665000000.0,20618000000.0,20.891724443133207,76.03628853813247,0.0911871227364185,4.54
GILD,"GILEAD SCIENCES, INC.",United States,Drug Manufacturers - General,2022,27281000000.0,USD,4592000000.0,21624000000.0,16.83222755764085,79.26395659983139,0.07269158316316031,3.66
BLK,"BlackRock, Inc.",United States,Asset Management,2024,20407000000.0,USD,6369000000.0,10086000000.0,31.209878963100895,49.42421718037928,0.045947408289146195,42.45
BLK,"BlackRock, Inc.",United States,Asset Management,2023,17859000000.0,USD,5502000000.0,8582000000.0,30.807995968419284,48.05420236295425,0.0446551038462475,36.85
BLK,"BlackRock, Inc.",United States,Asset Management,2022,17873000000.0,USD,5178000000.0,8684000000.0,28.971073686566328,48.58725451798803,0.04402013126126433,34.31
GEV,GE Vernova Inc.,United States,Specialty Industrial Machinery,2024,34935000000.0,USD,1552000000.0,6085000000.0,4.442536138543009,17.418062115357092,0.03014470234048752,5.65
GEV,GE Vernova Inc.,United States,Specialty Industrial Machinery,2023,33239000000.0,USD,-438000000.0,4818000000.0,-1.317729173561178,14.49502090917296,-0.009496758526484681,-1.598041
GEV,GE Vernova Inc.,United States,Specialty Industrial Machinery,2022,29654000000.0,USD,-2736000000.0,3458000000.0,-9.226411276724894,11.661158696971741,-0.06152323986418115,-10.055734
ANET,"Arista Networks, Inc.",United States,Computer Hardware,2024,7003146000.0,USD,2852054000.0,4491303000.0,40.725325446592144,64.13264838402627,0.20308103413569473,2.27
ANET,"Arista Networks, Inc.",United States,Computer Hardware,2023,5860168000.0,USD,2087321000.0,3630281000.0,35.618791133633025,61.948411717889314,0.20964120910327635,1.6875
ANET,"Arista Networks, Inc.",United States,Computer Hardware,2022,4381310000.0,USD,1352446000.0,2675696000.0,30.868530188459616,61.07068433870235,0.19961094605344917,1.1025
ACN,Accenture plc,Ireland,Information Technology Services,2025,69672977000.0,USD,7678433000.0,22235401000.0,11.020675921455172,31.913952808418106,0.11741639412628786,
ACN,Accenture plc,Ireland,Information Technology Services,2024,64896464000.0,USD,7264787000.0,21162317000.0,11.194426556121764,32.60935295334427,0.1298852151124028,11.57
ACN,Accenture plc,Ireland,Information Technology Services,2023,64111745000.0,USD,6871557000.0,20731607000.0,10.718093853162163,32.336675596647694,0.1340914450601865,10.9
SPGI,S&P Global Inc.,United States,Financial Data & Stock Exchanges,2024,14208000000.0,USD,3852000000.0,9817000000.0,27.111486486486484,69.09487612612612,0.0639643978014314,12.36
SPGI,S&P Global Inc.,United States,Financial Data & Stock Exchanges,2023,12497000000.0,USD,2626000000.0,8356000000.0,21.013043130351285,66.86404737136913,0.04334120054795425,8.25
SPGI,S&P Global Inc.,United States,Financial Data & Stock Exchanges,2022,11181000000.0,USD,3248000000.0,7428000000.0,29.04928002861998,66.43412932653608,0.052570244723553025,10.25
SAN,"Banco Santander, S.A.",Spain,Banks - Diversified,2024,63842000000.0,EUR,12574000000.0,,19.695498261332663,,0.0068445539418240135,0.771
SAN,"Banco Santander, S.A.",Spain,Banks - Diversified,2023,59878000000.0,EUR,11076000000.0,,18.49761181068172,,0.006163393360941359,0.654
SAN,"Banco Santander, S.A.",Spain,Banks - Diversified,2022,54216000000.0,EUR,9605000000.0,,17.71617234764645,,0.0055371113285089466,0.539
BKNG,Booking Holdings Inc.,United States,Travel Services,2024,23739000000.0,USD,5882000000.0,,24.77779181936897,,0.2122852605745633,174.96
BKNG,Booking Holdings Inc.,United States,Travel Services,2023,21365000000.0,USD,4289000000.0,,20.07488883688275,,0.17619751869197273,118.67
BKNG,Booking Holdings Inc.,United States,Travel Services,2022,17090000000.0,USD,3058000000.0,,17.89350497366881,,0.1205788415283309,76.7
UL,UNILEVER PLC,United Kingdom,Household & Personal Products,2024,60761000000.0,EUR,5744000000.0,27370000000.0,9.453432300324222,45.04534158423989,0.07202507836990596,2.3
UL,UNILEVER PLC,United Kingdom,Household & Personal Products,2023,59604000000.0,EUR,6487000000.0,25175000000.0,10.883497751828736,42.23709818133011,0.0861876544522095,2.58
UL,UNILEVER PLC,United Kingdom,Household & Personal Products,2022,60073000000.0,EUR,7642000000.0,24167000000.0,12.721189219782596,40.22938757844622,0.09819971472995721,3.0
KLAC,KLA CORP,United States,Semiconductor Equipment & Materials,2025,12156162000.0,USD,4061643000.0,7404295000.0,33.41221513829776,60.90980853989936,0.2527795435453213,
KLAC,KLA CORP,United States,Semiconductor Equipment & Materials,2024,9812247000.0,USD,2761896000.0,5884174000.0,28.147436565752983,59.967650630890155,0.1789538464409327,20.41
KLAC,KLA CORP,United States,Semiconductor Equipment & Materials,2023,10496056000.0,USD,3387277000.0,6277749000.0,32.271902893810775,59.81055169675161,0.24070431129625264,24.28
BSX,BOSTON SCIENTIFIC CORP,United States,Medical Devices,2024,16747000000.0,USD,1854000000.0,11490000000.0,11.070639517525526,68.60930315877471,0.04706180987434953,1.26
BSX,BOSTON SCIENTIFIC CORP,United States,Medical Devices,2023,14240000000.0,USD,1593000000.0,9896000000.0,11.186797752808989,69.49438202247191,0.04533811475409836,1.08
BSX,BOSTON SCIENTIFIC CORP,United States,Medical Devices,2022,12682000000.0,USD,698000000.0,8727000000.0,5.503863743888977,68.81406718183251,0.021497428316240106,0.45
ARM,ARM HOLDINGS PLC /UK,United Kingdom,Semiconductors,2025,4007000000.0,USD,792000000.0,3886000000.0,19.765410531569753,96.98028450212128,0.08866995073891626,0.62
ARM,ARM HOLDINGS PLC /UK,United Kingdom,Semiconductors,2024,3233000000.0,USD,306000000.0,3079000000.0,9.464893287967833,95.23662233219919,0.03860224549009714,0.3
ARM,ARM HOLDINGS PLC /UK,United Kingdom,Semiconductors,2023,2679000000.0,USD,524000000.0,2573000000.0,19.55953714072415,96.04329973870847,0.07631808913486746,0.510694
TD,TORONTO DOMINION BANK,Canada,Banks - Diversified,2024,56256000000.0,CAD,8842000000.0,,15.717434584755404,,0.004288587710155106,4.73
TD,TORONTO DOMINION BANK,Canada,Banks - Diversified,2023,51524000000.0,CAD,10634000000.0,,20.638925549258598,,0.00543899947778649,5.53
TD,TORONTO DOMINION BANK,Canada,Banks - Diversified,2022,45762000000.0,CAD,17429000000.0,,38.08618504435995,,0.009089306648977225,9.48
TXN,TEXAS INSTRUMENTS INC,United States,Semiconductors,2024,15641000000.0,USD,4799000000.0,9094000000.0,30.682181446199092,58.14206252797136,0.13514883550649132,5.262061
TXN,TEXAS INSTRUMENTS INC,United States,Semiconductors,2023,17519000000.0,USD,6510000000.0,11019000000.0,37.159655231462985,62.897425652149096,0.2012489180165698,7.169604
TXN,TEXAS INSTRUMENTS INC,United States,Semiconductors,2022,20028000000.0,USD,8749000000.0,13771000000.0,43.68384262033154,68.75873776712602,0.321571654353659,9.55131
PFE,PFIZER INC,United States,Drug Manufacturers - General,2024,63627000000.0,USD,8031000000.0,45776000000.0,12.62200009429959,71.9443003756267,0.03763425743687792,1.42
PFE,PFIZER INC,United States,Drug Manufacturers - General,2023,59554000000.0,USD,2119000000.0,34600000000.0,3.558115323907714,58.09853242435437,0.009355367084472033,0.38
PFE,PFIZER INC,United States,Drug Manufacturers - General,2022,101175000000.0,USD,31372000000.0,66831000000.0,31.007659995058066,66.05485544848035,0.1590831875459547,5.59
SYK,STRYKER CORP,United States,Medical Devices,2024,22595000000.0,USD,2993000000.0,14440000000.0,13.246293427749503,63.90794423545032,0.06965162551488213,7.86
SYK,STRYKER CORP,United States,Medical Devices,2023,20498000000.0,USD,3165000000.0,13058000000.0,15.440530783491072,63.70377597814421,0.07929945880938064,8.34
SYK,STRYKER CORP,United States,Medical Devices,2022,18449000000.0,USD,2358000000.0,11578000000.0,12.781180551791424,62.75678898585289,0.06393015941871814,6.23
TTE,TotalEnergies SE,France,Oil & Gas Integrated,2024,195610000000.0,USD,15758000000.0,55532000000.0,8.055825366801288,28.389141659424368,0.05519690914122184,6.74
TTE,TotalEnergies SE,France,Oil & Gas Integrated,2023,218945000000.0,USD,21384000000.0,62373000000.0,9.766836420105506,28.487976432437367,0.0753876201287484,8.72
TTE,TotalEnergies SE,France,Oil & Gas Integrated,2022,263310000000.0,USD,20526000000.0,81211000000.0,7.79537427366982,30.8423531198967,0.06754995655951347,7.91
HTHIY,HITACHI LTD,Japan,Conglomerates,2025,9783370000000.0,JPY,615724000000.0,2820843000000.0,6.293577775347349,28.8330401487422,0.046347961390197964,133.85
HTHIY,HITACHI LTD,Japan,Conglomerates,2024,9728716000000.0,JPY,589896000000.0,2582087000000.0,6.06345174430007,26.540881653858534,0.048267923403138326,126.914
HTHIY,HITACHI LTD,Japan,Conglomerates,2023,10881150000000.0,JPY,649124000000.0,2689087000000.0,5.965582681977549,24.71326100641936,0.051924046351876675,136.91
BA,BOEING CO,United States,Aerospace & Defense,2024,66517000000.0,USD,-11817000000.0,-1991000000.0,-17.765383285475895,-2.993219778402514,-0.0755741447784962,-18.36
BA,BOEING CO,United States,Aerospace & Defense,2023,77794000000.0,USD,-2222000000.0,7724000000.0,-2.856261408334833,9.928786281718384,-0.01621755758619683,-3.67
BA,BOEING CO,United States,Aerospace & Defense,2022,66608000000.0,USD,-4935000000.0,3530000000.0,-7.4090199375450405,5.299663704059573,-0.03599562363238512,-8.3
RTNTF,RIO TINTO LTD,United Kingdom,Other Industrial Metals & Mining,2024,53658000000.0,USD,11552000000.0,30280000000.0,21.528942562152896,56.43147340564315,0.11238884673009943,7.117
RTNTF,RIO TINTO LTD,United Kingdom,Other Industrial Metals & Mining,2023,54041000000.0,USD,10058000000.0,32401000000.0,18.611794748431745,59.95632945356304,0.09713275840423374,6.203
RTNTF,RIO TINTO LTD,United Kingdom,Other Industrial Metals & Mining,2022,55554000000.0,USD,12392000000.0,34270000000.0,22.30622457428808,61.687727256363175,0.1280509227685122,7.668
WELL,WELLTOWER INC.,United States,REIT - Healthcare Facilities,2024,7853618000.0,USD,951680000.0,3023407000.0,12.117727141809036,38.49699590685465,0.018644194373249216,1.58
WELL,WELLTOWER INC.,United States,REIT - Healthcare Facilities,2023,6478231000.0,USD,340094000.0,2530455000.0,5.249797359803934,39.0608948646629,0.007727272500062824,0.66
WELL,WELLTOWER INC.,United States,REIT - Healthcare Facilities,2022,5776068000.0,USD,141214000.0,2217298000.0,2.4448119378095967,38.38767133627928,0.0037266284457702515,0.31
BHP,BHP Group Ltd,Australia,Other Industrial Metals & Mining,2025,51262000000.0,USD,9019000000.0,36731000000.0,17.593929226327493,71.65346650540361,0.08290284033458957,3.556
BHP,BHP Group Ltd,Australia,Other Industrial Metals & Mining,2024,55658000000.0,USD,7897000000.0,40545000000.0,14.188436523051493,72.84667073915699,0.07714776968015474,3.116
BHP,BHP Group Ltd,Australia,Other Industrial Metals & Mining,2023,53817000000.0,USD,12921000000.0,37904000000.0,24.009142092647302,70.4312763624877,0.12755686305480968,5.104
PGR,PROGRESSIVE CORP/OH/,United States,Insurance - Property & Casualty,2024,75343000000.0,USD,8480000000.0,,11.255192917722947,,0.08019291692278595,14.45
PGR,PROGRESSIVE CORP/OH/,United States,Insurance - Property & Casualty,2023,62083000000.0,USD,3903000000.0,,6.286745163732423,,0.04400671996031164,6.61
PGR,PROGRESSIVE CORP/OH/,United States,Insurance - Property & Casualty,2022,49587000000.0,USD,722000000.0,,1.4560267812128178,,0.009567349102232824,1.19
ADBE,ADOBE INC.,United States,Software - Application,2024,21505000000.0,USD,5560000000.0,19147000000.0,25.854452452917926,89.035108114392,0.18392325504465762,12.43
ADBE,ADOBE INC.,United States,Software - Application,2023,19409000000.0,USD,5428000000.0,17055000000.0,27.96640733680251,87.8716059559998,0.18227610060781088,11.87
ADBE,ADOBE INC.,United States,Software - Application,2022,17606000000.0,USD,4756000000.0,15441000000.0,27.013518118823125,87.70305577643985,0.17507822565801584,10.13
UNP,UNION PACIFIC CORP,United States,Railroads,2024,24250000000.0,USD,6747000000.0,11039000000.0,27.82268041237113,45.521649484536084,0.0996381894705752,11.1
UNP,UNION PACIFIC CORP,United States,Railroads,2023,24119000000.0,USD,6379000000.0,10529000000.0,26.448028525229073,43.65438036402836,0.09502174819758089,10.47
UNP,UNION PACIFIC CORP,United States,Railroads,2022,24875000000.0,USD,6998000000.0,11205000000.0,28.132663316582914,45.04522613065326,0.10692294763861938,11.24
COF,CAPITAL ONE FINANCIAL CORP,United States,Credit Services,2024,39112000000.0,USD,4750000000.0,,12.144610349764779,,0.009691029574982047,11.61
COF,CAPITAL ONE FINANCIAL CORP,United States,Credit Services,2023,36787000000.0,USD,4887000000.0,,13.284584228124066,,0.01021393459069021,11.98
COF,CAPITAL ONE FINANCIAL CORP,United States,Credit Services,2022,34250000000.0,USD,7360000000.0,,21.48905109489051,,0.016166976753381117,17.98
DE,DEERE & CO,United States,Farm & Heavy Construction Machinery,2024,50518000000.0,USD,7100000000.0,19495000000.0,14.054396452749515,38.59020547131715,0.06615728661945583,25.73
DE,DEERE & CO,United States,Farm & Heavy Construction Machinery,2023,60248000000.0,USD,10166000000.0,22306000000.0,16.873589164785553,37.02363563935732,0.09766829671332636,34.8
LOW,LOWES COMPANIES INC,United States,Home Improvement Retail,2025,83674000000.0,USD,6957000000.0,27877000000.0,8.314410689102946,33.31620336066162,0.16140782330286296,12.25
LOW,LOWES COMPANIES INC,United States,Home Improvement Retail,2024,86377000000.0,USD,7726000000.0,28844000000.0,8.944510691503526,33.39314863910532,0.1848546476851298,13.23
LOW,LOWES COMPANIES INC,United States,Home Improvement Retail,2023,97059000000.0,USD,6437000000.0,32257000000.0,6.632048547790519,33.23442442225863,0.14727281046947927,10.2
ETN,Eaton Corp plc,Ireland,Specialty Industrial Machinery,2024,24878000000.0,USD,3794000000.0,9503000000.0,15.250422059651097,38.198408232173,0.09885099398139705,9.54
ETN,Eaton Corp plc,Ireland,Specialty Industrial Machinery,2023,23196000000.0,USD,3218000000.0,8434000000.0,13.873081565787205,36.35971719261942,0.0837323064113239,8.06
ETN,Eaton Corp plc,Ireland,Specialty Industrial Machinery,2022,20752000000.0,USD,2462000000.0,6887000000.0,11.863916730917502,33.18716268311488,0.070314731250357,6.17
MDT,Medtronic plc,Ireland,Medical Devices,2025,33537000000.0,USD,4662000000.0,21905000000.0,13.901064495929868,65.31591973044696,0.050850785340314134,3.63
MDT,Medtronic plc,Ireland,Medical Devices,2024,32364000000.0,USD,3676000000.0,21148000000.0,11.358299344951181,65.34420961562229,0.04085306898122937,2.77
MDT,Medtronic plc,Ireland,Medical Devices,2023,31227000000.0,USD,3758000000.0,20508000000.0,12.034457360617415,65.67393601690844,0.04132031490522057,2.83
HON,HONEYWELL INTERNATIONAL INC,United States,Conglomerates,2024,38498000000.0,USD,5705000000.0,14662000000.0,14.81895163385111,38.085095329627514,0.07586839725517315,8.76
HON,HONEYWELL INTERNATIONAL INC,United States,Conglomerates,2023,36662000000.0,USD,5658000000.0,13667000000.0,15.432873274780427,37.27838088483989,0.09196261682242991,8.53
HON,HONEYWELL INTERNATIONAL INC,United States,Conglomerates,2022,35466000000.0,USD,4966000000.0,13119000000.0,14.002142897422884,36.99035696159702,0.07974307507025291,7.33
PANW,Palo Alto Networks Inc,United States,Software - Infrastructure,2025,9221500000.0,USD,1133900000.0,6769900000.0,12.296264165265955,73.4143035297945,0.04809511286806186,1.71
PANW,Palo Alto Networks Inc,United States,Software - Infrastructure,2024,8027500000.0,USD,2577600000.0,5968300000.0,32.10962317035192,74.34817813765181,0.12893866709352755,4.035
PANW,Palo Alto Networks Inc,United States,Software - Infrastructure,2023,6892700000.0,USD,439700000.0,4983000000.0,6.379212790343407,72.2938761298185,0.030321837653695238,0.725
CRWD,"CrowdStrike Holdings, Inc.",United States,Software - Infrastructure,2025,3953624000.0,USD,-19271000.0,2962143000.0,-0.4874262195899256,74.9222232564351,-0.0022146557785266076,-0.08
CRWD,"CrowdStrike Holdings, Inc.",United States,Software - Infrastructure,2024,3055555000.0,USD,89327000.0,2299832000.0,2.9234296224417493,75.26724277586231,0.013439664666622534,0.37
CRWD,"CrowdStrike Holdings, Inc.",United States,Software - Infrastructure,2023,2241236000.0,USD,-183245000.0,1640005000.0,-8.176068919114273,73.17413248760951,-0.03645549423659217,-0.79
SPOT,Spotify Technology S.A.,Luxembourg,Internet Content & Information,2024,15673000000.0,EUR,1138000000.0,4724000000.0,7.260894531997702,30.141006827027372,0.09479383590170762,5.67
SPOT,Spotify Technology S.A.,Luxembourg,Internet Content & Information,2023,13247000000.0,EUR,-532000000.0,3397000000.0,-4.016003623461916,25.643541934022796,-0.06374311047208243,-2.73
SPOT,Spotify Technology S.A.,Luxembourg,Internet Content & Information,2022,11727000000.0,EUR,-430000000.0,2926000000.0,-3.6667519399675963,24.95096785196555,-0.05631220534311158,-2.23
SNY,Sanofi,France,Drug Manufacturers - General,2024,44286000000.0,EUR,5560000000.0,31081000000.0,12.554757711240573,70.18245043580364,0.04186810042319915,2.22
SNY,Sanofi,France,Drug Manufacturers - General,2023,41618000000.0,EUR,5400000000.0,28990000000.0,12.975154981017829,69.65735979624202,0.0426998987854251,2.155
SNY,Sanofi,France,Drug Manufacturers - General,2022,40561000000.0,EUR,8371000000.0,28679000000.0,20.63805133009541,70.70585044747418,0.06605798519594072,3.345
BTI,British American Tobacco p.l.c.,United Kingdom,Tobacco,2024,25867000000.0,GBP,3068000000.0,21431000000.0,11.860671898558008,82.85073645958171,0.025803412980765186,1.367
BTI,British American Tobacco p.l.c.,United Kingdom,Tobacco,2023,27283000000.0,GBP,-14367000000.0,22642000000.0,-52.659165047831976,82.98940732324158,-0.12101991306984737,-6.466
BTI,British American Tobacco p.l.c.,United Kingdom,Tobacco,2022,27655000000.0,GBP,6666000000.0,23101000000.0,24.10414030012656,83.5328150424878,0.043413700128951585,2.933
BUD,Anheuser-Busch InBev SA/NV,Belgium,Beverages - Brewers,2024,59768000000.0,USD,5855000000.0,33024000000.0,9.796212019809932,55.25364743675546,0.028334712563577676,2.92
BUD,Anheuser-Busch InBev SA/NV,Belgium,Beverages - Brewers,2023,59380000000.0,USD,5341000000.0,31984000000.0,8.99461098012799,53.86325362074773,0.024350323698367832,2.65
BUD,Anheuser-Busch InBev SA/NV,Belgium,Beverages - Brewers,2022,57786000000.0,USD,5969000000.0,31481000000.0,10.329491572353165,54.47859343093483,0.02803097542534857,2.97
CB,Chubb Ltd,Switzerland,Insurance - Property & Casualty,2024,56150000000.0,USD,9272000000.0,,16.512911843276935,,0.03760728134075312,22.697674
CB,Chubb Ltd,Switzerland,Insurance - Property & Casualty,2023,50133000000.0,USD,9028000000.0,,18.00809845810145,,0.03913612678925967,21.976631
CB,Chubb Ltd,Switzerland,Insurance - Property & Casualty,2022,42975000000.0,USD,5246000000.0,,12.207097149505525,,0.026359557223754753,12.81492
BBVA,"BANCO BILBAO VIZCAYA ARGENTARIA, S.A.",Spain,Banks - Diversified,2024,39235000000.0,EUR,10054000000.0,,25.625079648273225,,0.013016538020357274,1.68
BBVA,"BANCO BILBAO VIZCAYA ARGENTARIA, S.A.",Spain,Banks - Diversified,2023,33427000000.0,EUR,8019000000.0,,23.98958925419571,,0.010339652224591843,1.29
BBVA,"BANCO BILBAO VIZCAYA ARGENTARIA, S.A.",Spain,Banks - Diversified,2022,28065000000.0,EUR,6358000000.0,,22.654551933012648,,0.008928621582604495,0.98
UBS,UBS Group AG,Switzerland,Banks - Diversified,2024,45346000000.0,USD,5086000000.0,,11.215983769240948,,0.003249782112524504,1.59
UBS,UBS Group AG,Switzerland,Banks - Diversified,2023,38860000000.0,USD,27366000000.0,,70.42202779207412,,0.015938969925284985,8.68
UBS,UBS Group AG,Switzerland,Banks - Diversified,2022,33270000000.0,USD,7629000000.0,,22.930568079350767,,0.00690804843330641,2.34
PLD,"Prologis, Inc.",United States,REIT - Industrial,2024,8201610000.0,USD,3731635000.0,6144369000.0,45.49881059938232,74.91662002948202,0.03914484115201612,4.02
PLD,"Prologis, Inc.",United States,REIT - Industrial,2023,8023469000.0,USD,3059214000.0,6013134000.0,38.12832080487878,74.94431647956763,0.0328874045858971,3.3
PLD,"Prologis, Inc.",United States,REIT - Industrial,2022,5973692000.0,USD,3364856000.0,4464598000.0,56.32791245347099,74.7376664213689,0.03828161199856451,4.28
RIO,RIO TINTO PLC,United Kingdom,Other Industrial Metals & Mining,2024,53658000000.0,USD,11552000000.0,30280000000.0,21.528942562152896,56.43147340564315,0.11238884673009943,7.117
RIO,RIO TINTO PLC,United Kingdom,Other Industrial Metals & Mining,2023,54041000000.0,USD,10058000000.0,32401000000.0,18.611794748431745,59.95632945356304,0.09713275840423374,6.203
RIO,RIO TINTO PLC,United Kingdom,Other Industrial Metals & Mining,2022,55554000000.0,USD,12392000000.0,34270000000.0,22.30622457428808,61.687727256363175,0.1280509227685122,7.65
IBN,ICICI BANK LTD,India,Banks - Regional,2025,2047152637000.0,INR,510291955000.0,,24.926912911965733,,0.019312843724728516,144.82
IBN,ICICI BANK LTD,India,Banks - Regional,2024,1612101952000.0,INR,442563735000.0,,27.45258973546606,,0.018720471064090527,126.38
IBN,ICICI BANK LTD,India,Banks - Regional,2023,1355811552000.0,INR,340366408000.0,,25.10425637677411,,0.017379017591424135,97.72
HCA,"HCA Healthcare, Inc.",United States,Medical Care Facilities,2024,70603000000.0,USD,5760000000.0,28678000000.0,8.158293556931008,40.618670594733935,0.09678557626064893,23.041714
HCA,"HCA Healthcare, Inc.",United States,Medical Care Facilities,2023,64968000000.0,USD,5242000000.0,25579000000.0,8.06858761236301,39.371690678487866,0.09325576844389888,19.741106
HCA,"HCA Healthcare, Inc.",United States,Medical Care Facilities,2022,60233000000.0,USD,5643000000.0,23177000000.0,9.368618531369847,38.4789069114937,0.10761279987795111,19.43
ADI,ANALOG DEVICES INC,United States,Semiconductors,2025,11019707000.0,USD,2267342000.0,6773478000.0,20.575338346110293,61.4669518890112,0.047243464799405374,4.59
ADI,ANALOG DEVICES INC,United States,Semiconductors,2024,9427157000.0,USD,1635273000.0,5381343000.0,17.346406769294283,57.08341337690675,0.03390693389274512,3.3
ADI,ANALOG DEVICES INC,United States,Semiconductors,2023,12305539000.0,USD,3314579000.0,7877218000.0,26.935666938278768,64.0135958286752,0.06792938741961745,6.6
LMT,LOCKHEED MARTIN CORP,United States,Aerospace & Defense,2024,71043000000.0,USD,5336000000.0,6930000000.0,7.510944076122912,9.754655631096659,0.09594188827157164,22.39
LMT,LOCKHEED MARTIN CORP,United States,Aerospace & Defense,2023,67571000000.0,USD,6920000000.0,8479000000.0,10.24107975314854,12.5482825472466,0.1319200854049108,27.65
LMT,LOCKHEED MARTIN CORP,United States,Aerospace & Defense,2022,65984000000.0,USD,5732000000.0,8287000000.0,8.686954413191076,12.559105237633366,0.1083963691376702,21.74
COP,CONOCOPHILLIPS,United States,Oil & Gas E&P,2024,54745000000.0,USD,9245000000.0,16383000000.0,16.887386975979542,29.926020641154444,0.07529727968724548,7.82
COP,CONOCOPHILLIPS,United States,Oil & Gas E&P,2023,56141000000.0,USD,10957000000.0,18203000000.0,19.516930585490105,32.42371885075079,0.11422584546098995,9.08
COP,CONOCOPHILLIPS,United States,Oil & Gas E&P,2022,78494000000.0,USD,18680000000.0,30013000000.0,23.797997299156624,38.23604351924988,0.19908557055920878,14.62
VRTX,VERTEX PHARMACEUTICALS INC / MA,United States,Biotechnology,2024,11020100000.0,USD,-535600000.0,9489600000.0,-4.8602099799457354,86.11174127276522,-0.023769371416398913,-2.08
VRTX,VERTEX PHARMACEUTICALS INC / MA,United States,Biotechnology,2023,9869200000.0,USD,3619600000.0,8607000000.0,36.67571839662789,87.21071616747051,0.15924188964461378,14.05
VRTX,VERTEX PHARMACEUTICALS INC / MA,United States,Biotechnology,2022,8930700000.0,USD,3322000000.0,7850400000.0,37.19753210834537,87.90352379992609,0.1830212275975296,12.97
CEG,Constellation Energy Corp,United States,Utilities - Independent Power Producers,2024,23568000000.0,USD,3749000000.0,5990000000.0,15.907162253903598,25.41581805838425,0.07083475040622757,11.91
CEG,Constellation Energy Corp,United States,Utilities - Independent Power Producers,2023,24918000000.0,USD,1623000000.0,3232000000.0,6.5133638333734645,12.970543382293926,0.03197525513219591,5.02
CEG,Constellation Energy Corp,United States,Utilities - Independent Power Producers,2022,24440000000.0,USD,-160000000.0,2137000000.0,-0.6546644844517185,8.743862520458265,-0.0034108593233707816,-0.489297
SMFG,"SUMITOMO MITSUI FINANCIAL GROUP, INC.",Japan,Banks - Diversified,2025,5066265000000.0,JPY,1177996000000.0,,23.251764366846185,,0.0038461154828173636,180.93
SMFG,"SUMITOMO MITSUI FINANCIAL GROUP, INC.",Japan,Banks - Diversified,2024,4433371000000.0,JPY,962946000000.0,,21.720401924404705,,0.0032616066929971555,144.912
SMFG,"SUMITOMO MITSUI FINANCIAL GROUP, INC.",Japan,Banks - Diversified,2023,3719458000000.0,JPY,805842000000.0,,21.66557600596646,,0.0029798701293994962,118.092
KKR,KKR & Co. Inc.,United States,Asset Management,2024,21640288000.0,USD,3076245000.0,3841876000.0,14.215360719783396,17.753349678155857,0.008542765986362583,3.47
KKR,KKR & Co. Inc.,United States,Asset Management,2023,14322870000.0,USD,3732261000.0,4860651000.0,26.058052610964143,33.936292097882614,0.01176277748088892,4.24
KKR,KKR & Co. Inc.,United States,Asset Management,2022,5565056000.0,USD,-521664000.0,2006803000.0,-9.373921843733468,36.0607871690779,-0.001894571902450989,-0.79
ENB,ENBRIDGE INC,Canada,Oil & Gas Midstream,2024,53473000000.0,CAD,5441000000.0,19266000000.0,10.175228620051241,36.02939801395097,0.02484781228735963,2.34
ENB,ENBRIDGE INC,Canada,Oil & Gas Midstream,2023,43649000000.0,CAD,6191000000.0,17670000000.0,14.183600998877408,40.48202707965818,0.03433397849343101,2.84
ENB,ENBRIDGE INC,Canada,Oil & Gas Midstream,2022,53309000000.0,CAD,3003000000.0,16403000000.0,5.633195145285036,30.76966365904444,0.016719745222929936,1.28
MCK,MCKESSON CORP,United States,Medical Distribution,2025,359051000000.0,USD,3295000000.0,13323000000.0,0.917696928848548,3.71061492657032,0.0438514772424807,25.86
MCK,MCKESSON CORP,United States,Medical Distribution,2024,308951000000.0,USD,3002000000.0,12828000000.0,0.9716751200028484,4.152114736641085,0.044511661699509215,22.54
MCK,MCKESSON CORP,United States,Medical Distribution,2023,276711000000.0,USD,3560000000.0,12358000000.0,1.286540831408943,4.46603134678419,0.05712451861360719,25.23
IBKR,"Interactive Brokers Group, Inc.",United States,Capital Markets,2024,9316000000.0,USD,755000000.0,8295000000.0,8.104336625161013,89.04036066981537,0.005028572950939777,1.7475
IBKR,"Interactive Brokers Group, Inc.",United States,Capital Markets,2023,7787000000.0,USD,600000000.0,6874000000.0,7.705149608321562,88.27533067933736,0.004678326094923237,1.43
IBKR,"Interactive Brokers Group, Inc.",United States,Capital Markets,2022,4192000000.0,USD,380000000.0,3414000000.0,9.064885496183205,81.44083969465649,0.003300244044362228,0.945
PH,Parker-Hannifin Corp,United States,Specialty Industrial Machinery,2025,19850000000.0,USD,3531000000.0,7315000000.0,17.788413098236777,36.85138539042821,0.11971926493524107,27.52
PH,Parker-Hannifin Corp,United States,Specialty Industrial Machinery,2024,19930000000.0,USD,2844000000.0,7128000000.0,14.269944806823883,35.765178123432015,0.0970714724554577,22.13
PH,Parker-Hannifin Corp,United States,Specialty Industrial Machinery,2023,19065000000.0,USD,2083000000.0,6429000000.0,10.925780225544191,33.72147915027537,0.06951565841040015,16.23
ADP,AUTOMATIC DATA PROCESSING INC,United States,Software - Application,2025,20560900000.0,USD,4079700000.0,9463600000.0,19.842030261321245,46.02716807143656,0.07644282387065222,10.02
ADP,AUTOMATIC DATA PROCESSING INC,United States,Software - Application,2024,19202600000.0,USD,3752000000.0,8725900000.0,19.53902075760574,45.441242331767576,0.06901791117806878,9.14
ADP,AUTOMATIC DATA PROCESSING INC,United States,Software - Application,2023,18012200000.0,USD,3412000000.0,8058800000.0,18.94271660319117,44.74078680005774,0.06694002471993879,8.25
CME,CME GROUP INC.,United States,Financial Data & Stock Exchanges,2024,6130100000.0,USD,3525800000.0,5279800000.0,57.5161906004796,86.12910066719955,0.025652069524980538,9.69
CME,CME GROUP INC.,United States,Financial Data & Stock Exchanges,2023,5578900000.0,USD,3226200000.0,4750300000.0,57.82860420513004,85.14760974385631,0.024873155541643762,8.87
CME,CME GROUP INC.,United States,Financial Data & Stock Exchanges,2022,5019400000.0,USD,2691000000.0,4266300000.0,53.61198549627445,84.99621468701439,0.015449916377542906,7.41
CMCSA,COMCAST CORP,United States,Telecom Services,2024,123731000000.0,USD,16192000000.0,86705000000.0,13.08645367773638,70.07540551680663,0.0608239328953349,4.274837
CMCSA,COMCAST CORP,United States,Telecom Services,2023,121572000000.0,USD,15388000000.0,84810000000.0,12.6575198236436,69.76112920738328,0.058109368568526235,3.867534
CMCSA,COMCAST CORP,United States,Telecom Services,2022,121427000000.0,USD,5370000000.0,83214000000.0,4.422410172366936,68.53006333023133,0.020872607132445826,1.272476
SCCO,SOUTHERN COPPER CORP/,United States,Copper,2024,11433400000.0,USD,3376800000.0,5746100000.0,29.534521664596706,50.257141357776334,0.18044727068693725,4.21392
SCCO,SOUTHERN COPPER CORP/,United States,Copper,2023,9895800000.0,USD,2425200000.0,4374500000.0,24.50736676165646,44.205622587360295,0.14500188337428924,2.988995
SCCO,SOUTHERN COPPER CORP/,United States,Copper,2022,10047900000.0,USD,2638500000.0,4602500000.0,26.259218344131607,45.805591218065466,0.15271395001562735,3.24601
BN,BROOKFIELD Corp /ON/,Canada,Asset Management,2024,86006000000.0,USD,641000000.0,18070000000.0,0.7452968397553659,21.01016208171523,0.0013070322822700358,0.31
BN,BROOKFIELD Corp /ON/,Canada,Asset Management,2023,95924000000.0,USD,1130000000.0,14515000000.0,1.1780159292773447,15.131770985363413,0.0023056754302737226,0.62
BN,BROOKFIELD Corp /ON/,Canada,Asset Management,2022,92769000000.0,USD,2056000000.0,14258000000.0,2.2162575860470635,15.369358298569566,0.004659131081117829,1.22
MO,"ALTRIA GROUP, INC.",United States,Tobacco,2024,20444000000.0,USD,11264000000.0,14367000000.0,55.096849931520254,70.27489728037565,0.3202092276203201,6.54
MO,"ALTRIA GROUP, INC.",United States,Tobacco,2023,20502000000.0,USD,8130000000.0,14284000000.0,39.654667837284165,69.67125158521121,0.2107855846512834,4.61025
MO,"ALTRIA GROUP, INC.",United States,Tobacco,2022,20688000000.0,USD,5764000000.0,14246000000.0,27.861562258314,68.86117556071152,0.1559777020079017,3.19
SO,SOUTHERN CO,United States,Utilities - Regulated Electric,2024,26724000000.0,USD,4401000000.0,13342000000.0,16.468343062415805,49.925160904056284,0.030314092850254857,4.05
SO,SOUTHERN CO,United States,Utilities - Regulated Electric,2023,25253000000.0,USD,3976000000.0,11708000000.0,15.744664000316794,46.36280837920247,0.02853636304914197,3.64
SO,SOUTHERN CO,United States,Utilities - Regulated Electric,2022,29279000000.0,USD,3535000000.0,10627000000.0,12.073499777997883,36.295638512244274,0.02620634438176009,3.28
